Player,Player_id,Pos,Team
Jason Peters,2148,T,Free Agent
Aaron Rodgers,2241,QB,Cuba
Marcedes Lewis,2973,TE,Free Agent
Joe Flacco,4332,QB,Free Agent
Duane Brown,4340,T,Free Agent
Calais Campbell,4364,ED,Rome
Matthew Stafford,4924,QB,Raleigh
Brian Hoyer,5277,QB,Free Agent
Trent Williams,5529,T,Ivory Coast
Tyson Alualu,5535,DI,Free Agent
Brandon Graham,5538,ED,Free Agent
Jason Pierre-Paul,5540,ED,Free Agent
Kareem Jackson,5545,S,Free Agent
Jerry Hughes,5556,ED,Free Agent
Linval Joseph,5571,DI,Free Agent
Jimmy Graham,5619,TE,Free Agent
Al Woods,5646,DI,Free Agent
Von Miller,6154,ED,Akureyri
Patrick Peterson,6157,CB,Free Agent
Julio Jones,6158,WR,Free Agent
Tyron Smith,6161,T,Hungary
Blaine Gabbert,6162,QB,Free Agent
Cameron Jordan,6176,ED,Ivory Coast
Cameron Heyward,6183,DI,Svalbard
Andy Dalton,6187,QB,Free Agent
Randall Cobb,6216,WR,Free Agent
Justin Houston,6222,ED,Free Agent
Tyrod Taylor,6332,QB,Free Agent
Jason Kelce,6343,C,Retired
Lawrence Guy Sr.,6385,DI,Free Agent
Nick Bellore,6515,LB,Free Agent
Ryan Tannehill,7014,QB,Free Agent
Stephon Gilmore,7016,CB,New Orleans
Fletcher Cox,7018,DI,Retired
Bruce Irvin,7021,ED,Free Agent
Melvin Ingram III,7024,ED,Free Agent
Riley Reiff,7029,G,Free Agent
Kevin Zeitler,7032,G,Hungary
Bobby Wagner,7050,LB,Ivory Coast
Lavonte David,7060,LB,Quebec
Russell Wilson,7077,QB,Raleigh
Demario Davis,7079,LB,New Orleans
Kirk Cousins,7102,QB,Quebec
Marvin Jones Jr.,7158,WR,Free Agent
Kelvin Beachum,7229,T,Free Agent
Rodney McLeod,7271,S,Free Agent
Tashaun Gipson Sr.,7288,S,Free Agent
Case Keenum,7323,QB,Free Agent
Brandon Bolden,7469,HB,Free Agent
Ty Nsekhe,7636,T,Free Agent
Harrison Smith,7641,S,Hungary
Josh Norman,7649,CB,Free Agent
Justin Bethel,7654,CB,Free Agent
Greg Van Roten,7746,G,Free Agent
Lane Johnson,7786,T,Rome
Justin Pugh,7800,G,Free Agent
DeAndre Hopkins,7808,WR,Hungary
Cordarrelle Patterson,7810,HB,Free Agent
Zach Ertz,7816,TE,Hungary
Darius Slay,7817,CB,Cwmfelinfach
Geno Smith,7820,QB,Hungary
Robert Woods,7822,WR,Free Agent
Johnathan Hankins,7830,DI,Free Agent
Travis Kelce,7844,TE,Akureyri
Tyrann Mathieu,7850,S,Greenland
Terron Armstead,7856,T,Rome
Keenan Allen,7857,WR,Rome
Marquise Goodwin,7859,WR,Free Agent
John Jenkins,7863,DI,Free Agent
Logan Ryan,7864,S,Free Agent
Duron Harmon,7872,S,Free Agent
Matt Barkley,7880,QB,Free Agent
David Bakhtiari,7891,T,Cwmfelinfach
William Gholston,7908,DI,Free Agent
Kyle Juszczyk,7912,FB,Cuba
Micah Hyde,7941,S,New Orleans
David Quessenberry,7957,T,Free Agent
Latavius Murray,7962,HB,Free Agent
Jordan Poyer,8000,S,Greenland
Nick Williams,8006,DI,Free Agent
Chris Hubbard,8051,T,Free Agent
Adam Thielen,8288,WR,Hungary
Mike Purcell,8530,DI,Free Agent
Jadeveon Clowney,8636,ED,Hungary
Khalil Mack,8640,ED,Ivory Coast
Jake Matthews,8641,T,New Orleans
Mike Evans,8642,WR,Las Vegas
Anthony Barr,8644,LB,Free Agent
Odell Beckham Jr.,8647,WR,Greenland
Aaron Donald,8648,DI,Retired
Zack Martin,8651,G,Ivory Coast
C.J. Mosley,8652,LB,New Orleans
Brandin Cooks,8655,WR,Cancun
Jason Verrett,8660,CB,Free Agent
Jimmie Ward,8665,S,Rome
Bradley Roby,8666,CB,Free Agent
Teddy Bridgewater,8667,QB,Free Agent
DeMarcus Lawrence,8669,ED,Cwmfelinfach
Joel Bitonio,8670,G,New Orleans
Derek Carr,8671,QB,New Orleans
Kyle Van Noy,8675,ED,Free Agent
Davante Adams,8688,WR,Svalbard
Allen Robinson II,8696,WR,Free Agent
Jimmy Garoppolo,8697,QB,Free Agent
Morgan Moses,8701,T,Free Agent
Billy Turner,8702,T,Free Agent
Gabe Jackson,8716,G,Free Agent
Jerick McKinnon,8731,HB,Free Agent
DaQuan Jones,8747,DI,Quebec
Logan Thomas,8755,TE,Cwmfelinfach
Brent Urban,8769,DI,Free Agent
Cam Fleming,8775,T,Free Agent
Corey Linsley,8796,C,Retired
A.J. McCarron,8799,QB,Free Agent
Shelby Harris,8869,DI,Rome
Charles Leno Jr.,8880,T,Free Agent
Denico Autry,8982,ED,Rome
Willie Snead IV,8999,WR,Free Agent
Shaquil Barrett,9000,ED,Retired
James Hurst,9001,G,Free Agent
Cornelius Lucas,9025,T,Free Agent
Kerry Hyder Jr.,9045,ED,Free Agent
Jonotthan Harrison,9132,G,Free Agent
Adrian Phillips,9177,S,Free Agent
Damien Williams,9205,HB,Free Agent
Justin McCray,9234,G,Free Agent
C.J. Goodwin,9243,CB,Free Agent
Daniel Sorensen,9253,S,Free Agent
Tyler Shatley,9257,G,Free Agent
James Ferentz,9258,G,Free Agent
Matt Feiler,9289,G,Free Agent
Keith Smith,9302,FB,Free Agent
Tyler Larsen,9304,C,Free Agent
Mike Pennel,9316,DI,Free Agent
Jameis Winston,9434,QB,Free Agent
Marcus Mariota,9435,QB,Free Agent
Dante Fowler Jr.,9436,ED,Free Agent
Amari Cooper,9437,WR,Rome
Brandon Scherff,9438,G,Cwmfelinfach
Leonard Williams,9439,DI,Las Vegas
Andrus Peat,9446,T,Free Agent
DeVante Parker,9447,WR,Free Agent
Melvin Gordon III,9448,HB,Free Agent
Arik Armstead,9450,DI,New Orleans
Marcus Peters,9451,CB,Las Vegas
Cameron Erving,9452,T,Free Agent
Nelson Agholor,9453,WR,Free Agent
Bud Dupree,9455,ED,Free Agent
D.J. Humphries,9457,T,Free Agent
Shaq Thompson,9458,LB,Hungary
Laken Tomlinson,9461,G,Cwmfelinfach
Phillip Dorsett,9462,WR,Free Agent
Donovan Smith,9467,T,Akureyri
Mario Edwards Jr.,9468,DI,Free Agent
Preston Smith,9471,ED,New Orleans
Eric Kendricks,9478,LB,Rome
Eric Rowe,9480,S,Free Agent
Denzel Perryman,9481,LB,Free Agent
Mitch Morse,9482,C,Akureyri
Ronald Darby,9483,CB,Free Agent
Jordan Phillips,9485,DI,Free Agent
Ameer Abdullah,9487,HB,Free Agent
Rob Havenstein,9490,T,New Orleans
Markus Golden,9491,ED,Free Agent
Randy Gregory,9493,ED,Free Agent
Frank Clark,9496,ED,Hungary
Tyler Lockett,9502,WR,Cuba
Hroniss Grasu,9504,C,Free Agent
Chris Conley,9509,WR,Free Agent
Jordan Hicks,9517,LB,Ivory Coast
Danielle Hunter,9521,ED,Raleigh
Carl Davis Jr.,9523,DI,Free Agent
Ty Montgomery,9527,WR,Free Agent
Steven Nelson,9531,CB,Retired
Angelo Blackson,9533,DI,Free Agent
Jamison Crowder,9538,WR,Free Agent
Blake Bell,9550,TE,Free Agent
Za'Darius Smith,9555,ED,New Orleans
Kwon Alexander,9557,LB,Free Agent
Jon Feliciano,9561,G,Free Agent
Shaq Mason,9564,G,Cuba
Max Garcia,9566,G,Free Agent
Mark Glowinski,9567,G,Free Agent
Grady Jarrett,9570,DI,Akureyri
Adrian Amos,9575,S,Free Agent
MyCole Pruitt,9576,TE,Free Agent
Bobby McCain,9578,CB,Free Agent
Stefon Diggs,9579,WR,Greenland
C.J. Uzomah,9590,TE,Free Agent
Michael Burton,9601,FB,Free Agent
David Mayo,9602,LB,Free Agent
Quandre Diggs,9633,S,Lancaster
Darren Waller,9637,TE,Free Agent
Rakeem Nunez-Roches,9650,DI,Free Agent
Trent Brown,9677,T,Hungary
Geoff Swaim,9679,TE,Free Agent
Trevor Siemian,9683,QB,Free Agent
Raheem Mostert,9783,HB,Hungary
Chris Reed,9830,G,Free Agent
Neville Hewitt,9836,LB,Free Agent
DeAndre Carter,9859,WR,Free Agent
Troy Hill,9881,CB,Free Agent
DeShawn Williams,9891,DI,Free Agent
Taylor Heinicke,9896,QB,Free Agent
David Andrews,9948,C,New Orleans
Damiere Byrd,9964,WR,Free Agent
Dean Marlowe,9966,S,Free Agent
Alex Singleton,9994,LB,Rome
Kendall Lamm,10017,T,Free Agent
T.Y. McGill,10156,DI,Free Agent
Chris Manhertz,10211,TE,Free Agent
Efe Obada,10235,ED,Free Agent
Erik Harris,10346,S,Free Agent
Jared Goff,10635,QB,Hungary
Carson Wentz,10636,QB,Free Agent
Joey Bosa,10637,ED,Cuba
Ezekiel Elliott,10638,HB,Ivory Coast
Jalen Ramsey,10639,CB,Lancaster
Ronnie Stanley,10640,T,Akureyri
DeForest Buckner,10641,DI,Greenland
Jack Conklin,10642,T,Free Agent
Leonard Floyd,10643,ED,Anchorage
Eli Apple,10644,CB,Free Agent
Sheldon Rankins,10646,DI,New Orleans
Laremy Tunsil,10647,T,Cancun
Taylor Decker,10650,T,Akureyri
Keanu Neal,10651,S,Free Agent
Ryan Kelly,10652,C,Greenland
Shaq Lawson,10653,ED,Free Agent
Laquon Treadwell,10657,WR,Free Agent
Artie Burns,10659,CB,Free Agent
Kenny Clark,10661,DI,Lancaster
Emmanuel Ogbah,10666,ED,Free Agent
Jaylon Smith,10668,LB,Free Agent
Hunter Henry,10669,TE,Cancun
Myles Jack,10670,LB,Free Agent
Chris Jones,10671,DI,Cwmfelinfach
Xavien Howard,10672,CB,Free Agent
Sterling Shepard,10674,WR,Free Agent
Austin Johnson,10677,DI,Free Agent
Jihad Ward,10678,ED,Free Agent
Derrick Henry,10679,HB,New Orleans
A'Shawn Robinson,10680,DI,Quebec
Michael Thomas,10681,WR,Free Agent
Jarran Reed,10683,DI,Hungary
Deion Jones,10686,LB,Free Agent
Tyler Boyd,10689,WR,Quebec
Cody Whitehair,10690,G,Free Agent
Vonn Bell,10695,S,Lancaster
James Bradberry,10696,CB,Free Agent
Adam Gotsis,10697,DI,Free Agent
Kevin Byard,10698,S,Hungary
Maliek Collins,10701,DI,Cuba
Yannick Ngakoue,10703,ED,Free Agent
Jonathan Bullard,10706,DI,Free Agent
Kenyan Drake,10707,HB,Free Agent
Daryl Worley,10711,S,Free Agent
Joe Thuney,10712,G,Las Vegas
Isaac Seumalo,10713,G,Quebec
Austin Hooper,10715,TE,Free Agent
Kendall Fuller,10718,CB,Raleigh
Javon Hargrave,10723,DI,New Orleans
Jacoby Brissett,10725,QB,Free Agent
Nick Vannett,10728,TE,Free Agent
Graham Glasgow,10729,G,Anchorage
Justin Simmons,10732,S,Cuba
Sheldon Day,10737,DI,Free Agent
Eric Murray,10740,S,Free Agent
Chris Moore,10741,WR,Free Agent
Tyler Higbee,10744,TE,Free Agent
Miles Killebrew,10745,S,Free Agent
De'Vondre Campbell,10749,LB,Raleigh
Hassan Ridgeway,10750,DI,Free Agent
David Onyemata,10754,DI,Hungary
Andrew Billings,10756,DI,Rome
Deon Bush,10758,S,Free Agent
Demarcus Robinson,10760,WR,Free Agent
Blake Martinez,10765,LB,Free Agent
Dak Prescott,10769,QB,Svalbard
Dean Lowry,10771,DI,Free Agent
Connor McGovern,10778,C,Free Agent
Matthew Judon,10780,ED,Rome
Quinton Jefferson,10781,DI,Free Agent
Jonathan Williams,10790,HB,Free Agent
Halapoulivaati Vaitai,10798,G,Free Agent
Tyreek Hill,10799,WR,Cwmfelinfach
DJ Reader,10800,DI,Akureyri
DeAndre Houston-Carson,10819,S,Free Agent
Anthony Brown,10823,CB,Free Agent
Wes Schweitzer,10829,G,Free Agent
Jeff Driskel,10841,QB,Free Agent
Kamu Grugier-Hill,10842,LB,Free Agent
Elandon Roberts,10848,LB,Free Agent
Kevon Seymour,10852,CB,Free Agent
Ted Karras,10855,C,Rome
Jalen Mills,10867,S,Free Agent
Jayron Kearse,10878,S,Free Agent
Tyler Matakevich,10880,LB,Free Agent
Mike Hilton,10898,CB,Lancaster
Matthias Farley,10953,S,Free Agent
Kyle Peko,11027,DI,Free Agent
Kalif Raymond,11028,WR,Free Agent
Michael Pierce,11101,DI,Las Vegas
Alex Erickson,11107,WR,Free Agent
Jake Brendel,11117,C,Svalbard
Morgan Fox,11184,DI,Free Agent
Cory Littleton,11190,LB,Free Agent
Jonathan Jones,11217,CB,New Orleans
Andrew Adams,11240,S,Free Agent
Romeo Okwara,11250,ED,Free Agent
Robbie Chosen,11254,WR,Free Agent
George Fant,11282,T,Free Agent
Roy Robertson-Harris,11341,DI,Free Agent
C.J. Ham,11347,FB,Free Agent
Antonio Hamilton Sr.,11353,CB,Free Agent
Lucas Patrick,11435,C,Free Agent
Myles Garrett,11756,ED,Ivory Coast
Mitch Trubisky,11757,QB,Free Agent
Solomon Thomas,11758,DI,Free Agent
Leonard Fournette,11759,HB,Free Agent
Jamal Adams,11761,S,Free Agent
Mike Williams,11762,WR,New Orleans
Christian McCaffrey,11763,HB,Raleigh
Patrick Mahomes,11765,QB,Cancun
Marshon Lattimore,11766,CB,Greenland
Deshaun Watson,11767,QB,Rome
Haason Reddick,11768,ED,Quebec
Derek Barnett,11769,ED,Free Agent
Malik Hooker,11770,S,Quebec
Marlon Humphrey,11771,CB,Rome
Jonathan Allen,11772,DI,Cancun
Adoree' Jackson,11773,CB,New Orleans
Garett Bolles,11775,T,Quebec
Charles Harris,11777,ED,Quebec
Evan Engram,11778,TE,Ivory Coast
Jabrill Peppers,11780,S,Svalbard
Tre'Davious White,11782,CB,Quebec
David Njoku,11784,TE,Anchorage
T.J. Watt,11785,ED,Lancaster
Ryan Ramczyk,11787,T,Free Agent
Cam Robinson,11789,T,New Orleans
Budda Baker,11791,S,Raleigh
Zay Jones,11792,WR,Free Agent
Marcus Maye,11794,S,Free Agent
Curtis Samuel,11795,WR,New Orleans
Dalvin Cook,11796,HB,Free Agent
Marcus Williams,11797,S,Cancun
Sidney Jones IV,11798,CB,Free Agent
Gerald Everett,11799,TE,Free Agent
Joe Mixon,11803,HB,Quebec
Justin Evans,11805,S,Free Agent
DeMarcus Walker,11806,ED,Free Agent
Teez Tabor,11808,S,Free Agent
Dalvin Tomlinson,11810,DI,Rome
Zach Cunningham,11812,LB,Free Agent
Ethan Pocic,11813,C,Rome
Tanoh Kpassagnon,11814,ED,Free Agent
Chidobe Awuzie,11815,CB,Las Vegas
JuJu Smith-Schuster,11817,WR,Free Agent
Dion Dawkins,11818,T,Quebec
Taylor Moton,11819,T,Hungary
Larry Ogunjobi,11820,DI,Las Vegas
Ahkello Witherspoon,11821,CB,Free Agent
Alvin Kamara,11822,HB,Ivory Coast
Dawuane Smoot,11823,ED,Free Agent
Cooper Kupp,11824,WR,Quebec
Dan Feeney,11826,C,Free Agent
Chris Wormley,11829,DI,Free Agent
Duke Riley,11830,LB,Free Agent
Alex Anzalone,11831,LB,Rome
Fabian Moreau,11836,CB,Free Agent
Chris Godwin,11839,WR,Svalbard
Kareem Hunt,11841,HB,Raleigh
D'Onta Foreman,11844,HB,Quebec
Shaquill Griffin,11845,CB,Free Agent
Jourdan Lewis,11846,CB,Free Agent
John Johnson III,11847,S,Free Agent
Montravius Adams,11848,DI,Free Agent
Cameron Sutton,11850,CB,Free Agent
Rasul Douglas,11854,CB,New Orleans
Jonnu Smith,11855,TE,Greenland
Trey Hendrickson,11858,ED,Berlin
C.J. Beathard,11859,QB,Free Agent
James Conner,11860,HB,Greenland
Jaleel Johnson,11864,DI,Free Agent
Eddie Jackson,11867,S,Free Agent
Rayshawn Jenkins,11868,S,Free Agent
Samaje Perine,11869,HB,Cuba
Carl Lawson,11871,ED,Free Agent
Josh Reynolds,11872,WR,Free Agent
Mack Hollins,11873,WR,Free Agent
Jalen Reeves-Maybin,11879,LB,Free Agent
Samson Ebukam,11880,ED,Free Agent
David Sharpe,11884,T,Free Agent
Deatrich Wise Jr.,11886,ED,Anchorage
Jamaal Williams,11889,HB,Free Agent
Joshua Dobbs,11890,QB,Free Agent
Sean Harlow,11891,C,Free Agent
Carlos Watkins,11897,DI,Free Agent
Grover Stewart,11899,DI,Cuba
George Kittle,11901,TE,Cwmfelinfach
Damontae Kazee,11904,S,Free Agent
Desmond King II,11906,CB,Free Agent
Jermaine Eluemunor,11914,T,Free Agent
Anthony Walker Jr.,11916,LB,New Orleans
Matt Milano,11918,LB,New Orleans
Jamal Agnew,11920,WR,Free Agent
Nathan Peterman,11926,QB,Free Agent
Isaiah McKenzie,11927,WR,Free Agent
Eric Saubert,11929,TE,Free Agent
Trent Taylor,11932,WR,Free Agent
Davon Godchaux,11934,DI,Svalbard
Aaron Jones,11937,HB,Cancun
Tanzel Smart,11944,DI,Free Agent
Xavier Woods,11946,S,Las Vegas
Alex Armah,11948,FB,Free Agent
D.J. Jones,11953,DI,Cuba
Jeremiah Ledbetter,11960,DI,Free Agent
Rudy Ford,11963,S,Free Agent
Conor McDermott,11966,T,Free Agent
Corey Levin,11972,C,Free Agent
Isaac Rochell,11980,ED,Free Agent
David Moore,11981,WR,Free Agent
Noah Brown,11993,WR,Free Agent
Patrick O'Connor,12005,DI,Free Agent
Michael Davis,12040,CB,Free Agent
Mo Alie-Cox,12078,TE,Free Agent
Josh Tupou,12093,DI,Free Agent
Taysom Hill,12112,TE,Cuba
P.J. Walker,12134,QB,Free Agent
Austin Ekeler,12164,HB,Hungary
Storm Norton,12188,T,Free Agent
Robert Tonyan,12193,TE,Free Agent
Johnny Mundt,12206,TE,Free Agent
Adam Butler,12214,DI,Free Agent
Arthur Maulet,12224,CB,Free Agent
Calvin Munson,12236,LB,Free Agent
Pharaoh Brown,12247,TE,Free Agent
Kendrick Bourne,12270,WR,Free Agent
Matt Breida,12271,HB,Free Agent
Nick Mullens,12282,QB,Free Agent
Zach Pascal,12303,WR,Free Agent
Dan Skipper,12307,G,Free Agent
Cooper Rush,12324,QB,Free Agent
Dare Ogunbowale,12329,HB,Free Agent
Andrew Wylie,12333,T,Free Agent
Caleb Johnson,12488,LB,Free Agent
Sione Takitaki,12666,LB,Free Agent
Quenton Nelson,12954,G,Las Vegas
Sam Mustipher,13026,C,Free Agent
Jarrett Stidham,13725,QB,Free Agent
Joshua Kelley,13750,HB,Free Agent
Giovanni Ricci,13756,TE,Free Agent
Sam Eguavoen,15301,LB,Free Agent
Jonathan Ledbetter,18645,DI,Free Agent
Ross Dwelley,20994,TE,Free Agent
Tim Boyle,21956,QB,Free Agent
James Robinson,22425,HB,Free Agent
Cole Strange,22976,G,Cuba
Kwamie Lassiter II,23226,WR,Free Agent
K.J. Osborn,23503,WR,Free Agent
Sam Kamara,24176,ED,Free Agent
Dylan Cole,24304,LB,Free Agent
Trent Scott,24481,T,Free Agent
Nathan Shepherd,24614,DI,Free Agent
Foyesade Oluokun,24904,LB,Cuba
Samori Toure,25276,WR,Free Agent
Levi Wallace,25445,CB,Cuba
Anfernee Jennings,25449,ED,Free Agent
Shyheim Carter,25451,S,Free Agent
Tytus Howard,25472,G,Cuba
Dane Cruikshank,25546,S,Free Agent
Darius Slayton,25578,WR,Raleigh
JaMycal Hasty,25582,HB,Free Agent
Jonathan Ward,25859,HB,Free Agent
Sean Murphy-Bunting,25891,CB,Akureyri
Clelin Ferrell,25955,ED,Free Agent
Dexter Lawrence,25991,DI,Akureyri
Michael Gallup,26075,WR,Free Agent
KhaDarel Hodge,26104,WR,Free Agent
Kyle Allen,26152,QB,Free Agent
Tae Davis,26296,LB,Free Agent
Maxx Crosby,26316,ED,Hungary
Craig James,26360,CB,Free Agent
Harrison Bryant,26394,TE,Free Agent
La'Mical Perine,26408,HB,Free Agent
Jeremiah Moon,26453,ED,Free Agent
Josh Jones,26634,T,Free Agent
D.J. Reed,26940,CB,Rome
Jack Driscoll,27064,T,Free Agent
Tony Pollard,27126,HB,Berlin
Bryce Huff,27128,ED,Rome
Siran Neal,27130,CB,Free Agent
Montez Sweat,27271,ED,Quebec
Chris Evans,27303,HB,Free Agent
Ben Bredeson,27305,G,Free Agent
Mike Onwenu,27357,T,New Orleans
Devin Bush,27375,LB,Free Agent
David Long Jr.,27377,CB,Anchorage
Josh Uche,27379,ED,Cuba
Nick Bawden,27413,FB,Free Agent
Rashaad Penny,27414,HB,Free Agent
D'Angelo Ross,27732,CB,Free Agent
Khalil Dorsey,27819,CB,Free Agent
Armon Watts,27844,DI,Free Agent
Bradley Bozeman,27934,C,Raleigh
Ben Skowronek,27948,WR,Free Agent
Joe Gaziano,27949,ED,Free Agent
Joe Burrow,28022,QB,Anchorage
DaVon Hamilton,28072,DI,Berlin
Dre'Mont Jones,28075,DI,Lancaster
Malik Harrison,28081,LB,Free Agent
Jerome Baker,28091,LB,Free Agent
Neville Gallimore,28094,DI,Free Agent
Jake Hanson,28148,G,Free Agent
Shane Lemieux,28149,G,Free Agent
Tremon Smith,28196,CB,Free Agent
Justin Herbert,28237,QB,Rome
Calvin Throckmorton,28238,G,Free Agent
Troy Dye,28251,LB,Free Agent
Brenden Schooler,28253,S,Free Agent
Ryan Bates,28300,C,Free Agent
Juwan Johnson,28305,TE,New Orleans
Kevin Givens,28308,DI,Free Agent
Olisaemeka Udoh,28394,T,Free Agent
Myles Adams,28430,DI,Free Agent
Bilal Nichols,28451,DI,Free Agent
Aaron Stinnie,28653,G,Free Agent
Nate Herbig,28844,G,Free Agent
DeShon Elliott,28854,S,Free Agent
Richie James,28991,WR,Free Agent
Sam Darnold,29048,QB,Rome
Michael Pittman Jr.,29049,WR,Greenland
Jack Jones,29050,CB,Cancun
Joejuan Williams,29113,CB,Free Agent
Phil Haynes,29244,G,Free Agent
Andre Dillard,29250,T,Cwmfelinfach
Colton McKivitz,29314,T,Free Agent
David Long Jr.,29367,LB,Anchorage
Germaine Pratt,29407,LB,Cwmfelinfach
Jeff Wilson Jr.,29413,HB,Free Agent
Chris Board,29456,LB,Free Agent
Easton Stick,29466,QB,Free Agent
Nick Gates,29476,C,Free Agent
D'Wayne Eskridge,29573,WR,Free Agent
Wesley French,29608,C,Free Agent
Logan Wilson,29623,LB,Hungary
Austin Schlottmann,30097,C,Free Agent
Ty Summers,30242,LB,Free Agent
Andrew Van Ginkel,30267,ED,Cuba
Dillon Radunz,30551,T,Cwmfelinfach
Cordell Volson,30614,G,Cancun
Jabril Cox,30669,LB,Free Agent
T.J. Edwards,30737,LB,Greenland
Will Dissly,30762,TE,Las Vegas
Kevin Rader,30887,TE,Free Agent
Dee Delaney,31078,S,Free Agent
George Odum,31342,S,Free Agent
Khalen Saunders,31534,DI,Akureyri
Mike Boone,31615,HB,Free Agent
Derrick Gore,32342,HB,Free Agent
Jakob Johnson,32565,FB,Free Agent
Abdullah Anderson,32708,DI,Free Agent
Britain Covey,32933,WR,Free Agent
Dane Jackson,32989,CB,Las Vegas
Diontae Johnson,33441,WR,Hungary
Cam Gill,33560,ED,Free Agent
Robert Rochell,33693,CB,Free Agent
Eric Johnson,33698,DI,Free Agent
Mike Hughes,34057,CB,Free Agent
Kendall Sheffield,34105,CB,Free Agent
Jalen Guyton,34164,WR,Free Agent
Kris Boyd,34222,CB,Free Agent
Darnell Savage,34247,S,Cancun
Zayne Anderson,34622,S,Free Agent
Zack Baun,34632,ED,Svalbard
Johnathan Abram,34646,S,Free Agent
Brandon Parker,34693,T,Free Agent
Akeem Davis-Gaither,34788,LB,Free Agent
Daniel Brunskill,34807,G,Free Agent
Lawrence Cager,34914,TE,Free Agent
Jamel Dean,34918,CB,Rome
Alec Ingold,34934,FB,Free Agent
David Wells,34985,TE,Free Agent
Damien Harris,35134,HB,Retired
Tae Hayes,35173,CB,Free Agent
Trevis Gipson,35241,ED,Free Agent
Blake Cashman,35413,LB,Svalbard
Adam Prentice,35639,FB,Free Agent
Dawson Knox,35883,TE,Raleigh
David Edwards,35941,G,Svalbard
Darrell Taylor,36001,ED,Ivory Coast
Austin Bryant,36248,ED,Free Agent
Kyle Phillips,36340,ED,Free Agent
Charlie Heck,36501,T,Free Agent
Julian Good-Jones,36624,G,Free Agent
Jon Runyan,36661,G,Berlin
T.J. Smith,36851,DI,Free Agent
Albert Huggins,36862,DI,Free Agent
Austen Pleasants,37066,T,Free Agent
Jonah Jackson,37070,G,New Orleans
Shy Tuttle,37279,DI,Ivory Coast
Erik McCoy,37347,C,Las Vegas
Troy Reeder,38268,LB,Free Agent
Juwann Winfree,38275,WR,Free Agent
Kyler Murray,38334,QB,Cwmfelinfach
Camryn Bynum,38408,S,Berlin
Cameron Goode,38410,ED,Free Agent
Casey Toohill,38472,ED,Free Agent
Matthew Adams,38526,LB,Free Agent
Marquise Copeland,38540,DI,Free Agent
Jordan Kunaszyk,38548,LB,Free Agent
Jake Curhan,38549,T,Free Agent
Michael Deiter,38554,C,Free Agent
Folorunso Fatukasi,38558,DI,Cancun
Maurice Hurst,38563,DI,Free Agent
Eric Wilson,38587,LB,Free Agent
Evan Brown,38709,C,Las Vegas
Justin Skule,38951,T,Free Agent
Curtis Bolton,39043,LB,Free Agent
Frank Ragnow,39137,C,Anchorage
Nick Allegretti,39268,G,Free Agent
Coleman Shelton,39316,C,Free Agent
Will Clapp,39386,C,Free Agent
Daniel Jones,39395,QB,Free Agent
Terence Steele,39461,T,Ivory Coast
Boston Scott,39462,HB,Free Agent
Drew Lock,39517,QB,Free Agent
Michael Dunn,39676,G,Free Agent
Cody Ford,39805,G,Free Agent
Kyle Trask,39987,QB,Greenland
Devin Duvernay,40006,WR,Free Agent
Jalen Hurts,40291,QB,Lancaster
Tershawn Wharton,40292,DI,Free Agent
Jordan Love,40306,QB,Akureyri
Chazz Surratt,40313,LB,Free Agent
Zack Moss,40341,HB,Raleigh
Stephen Sullivan,40411,TE,Free Agent
Patrick Taylor,40448,HB,Free Agent
Devin Singletary,40485,HB,Quebec
Tony Jones Jr.,40498,HB,Free Agent
Kene Nwangwu,40547,HB,Free Agent
Miles Sanders,40555,HB,Free Agent
Velus Jones Jr.,40573,WR,Cancun
L'Jarius Sneed,40588,CB,Quebec
Kylen Granson,40630,TE,Cwmfelinfach
Brandon Johnson,40666,WR,Free Agent
Darrynton Evans,40692,HB,Free Agent
Rico Dowdle,40693,HB,Berlin
T.J. Hockenson,40912,TE,Hungary
Reggie Gilliam,40951,FB,Free Agent
Alaric Jackson,40972,T,Las Vegas
Tommy Kraemer,40976,T,Free Agent
Luke Wattenberg,41024,G,Free Agent
Trystan Colon,41117,G,Free Agent
Ryan Neuzil,41123,C,Free Agent
Tyler Biadasz,41178,C,Ivory Coast
Darrell Henderson,41193,HB,Free Agent
Trishton Jackson,41247,WR,Free Agent
Netane Muti,41339,G,Free Agent
Ko Kieft,41372,TE,Free Agent
Gardner Minshew,41401,QB,Berlin
Mike Caliendo,41446,G,Free Agent
Doug Kramer,41458,C,Free Agent
Ben Powers,41482,G,Berlin
Will Fries,41530,G,Svalbard
Teven Jenkins,41534,G,Quebec
Cole Van Lanen,41583,T,Free Agent
Jimmy Morrissey,41626,G,Free Agent
Jonah Williams,41651,T,Free Agent
Alohi Gilman,41662,S,Svalbard
Jawaan Taylor,41665,T,Lancaster
Khalil Herbert,41668,HB,Quebec
Ben Cleveland,41696,G,Raleigh
Landon Dickerson,41712,G,Raleigh
Connor McGovern,41714,G,New Orleans
John Simpson,41715,G,Free Agent
Royce Newman,41746,G,Free Agent
Josh Sills,41748,G,Free Agent
Ty Shelby,41752,ED,Free Agent
Landon Young,41761,T,Free Agent
Stone Forsythe,41795,T,Free Agent
Tremayne Anchrum Jr.,41813,G,Free Agent
Trevon Diggs,41817,CB,Ivory Coast
Liam Eichenberg,41851,C,Free Agent
Lloyd Cushenberry III,41924,C,Quebec
Albert Okwuegbunam,41933,TE,Free Agent
Ezra Cleveland,41973,G,Cuba
Trevon Wesco,42018,TE,Free Agent
Luke Fortner,42028,C,Rome
Jack Stoll,42058,TE,Free Agent
Irv Smith Jr.,42060,TE,Svalbard
Ian Thomas,42130,TE,Free Agent
Kenny Yeboah,42196,TE,Free Agent
Ed Oliver,42200,DI,Anchorage
Divine Deablo,42208,LB,Quebec
Greg Dortch,42237,WR,Free Agent
Lil'Jordan Humphrey,42247,WR,Free Agent
Charlie Woerner,42257,TE,Free Agent
Sean McKeon,42266,TE,Free Agent
John Bates,42275,TE,Free Agent
Spencer Brown,42296,T,Anchorage
Chase Claypool,42312,WR,Free Agent
Bryce Hall,42313,CB,Raleigh
Byron Pringle,42345,WR,Free Agent
Luke Farrell,42353,TE,Free Agent
Noah Fant,42388,TE,Cuba
Janarius Robinson,42447,ED,Free Agent
Amen Ogbongbemiga,42449,LB,Free Agent
Isaiah Simmons,42451,LB,Svalbard
K'Von Wallace,42467,S,Free Agent
Antoine Winfield Jr.,42475,S,Berlin
Tomon Fox,42486,ED,Free Agent
Devin Harper,42494,LB,Free Agent
Rashad Weaver,42495,ED,Free Agent
Shemar Jean-Charles,42496,CB,Free Agent
Keir Thomas,42509,ED,Free Agent
Daniel Thomas,42544,S,Free Agent
Krys Barnes,42548,LB,Free Agent
Tayler Hawkins,42606,S,Free Agent
Justin Strnad,42659,LB,Free Agent
Mecole Hardman Jr.,42683,WR,Free Agent
Tyreek Maddox-Williams,42694,LB,Free Agent
Chauncey Golston,42718,DI,Free Agent
Nick Bosa,42741,ED,Berlin
Osa Odighizuwa,42754,DI,Quebec
J.C. Jackson,42781,CB,Free Agent
Curtis Robinson,42871,LB,Free Agent
Kristian Fulton,42894,CB,New Orleans
Rashan Gary,42905,ED,Cuba
Dicaprio Bootle,42913,CB,Free Agent
Khalid Kareem,42993,ED,Free Agent
Jonathon Cooper,43021,ED,Anchorage
Charvarius Ward,43034,CB,Svalbard
Brandon Jones,43049,S,New Orleans
McTelvin Agim,43069,DI,Free Agent
Devin White,43089,LB,Anchorage
Jeremy Chinn,43179,S,Las Vegas
Mack Wilson Sr.,43190,LB,Svalbard
Richie Grant,43196,S,Anchorage
Joe Bachie,43250,LB,Free Agent
Damar Hamlin,43291,S,Free Agent
Qwuantrezz Knight,43322,S,Free Agent
Myles Bryant,43336,CB,Free Agent
Christian Holmes,43393,CB,Free Agent
Josh Metellus,43395,S,Quebec
Trenton Thompson,43455,S,Free Agent
Carter Coughlin,43498,LB,Free Agent
Nick Niemann,43500,LB,Free Agent
Alex Highsmith,43507,ED,Akureyri
Grayland Arnold,43528,CB,Free Agent
Darrell Baker Jr.,43542,CB,Free Agent
Ben Stille,43555,DI,Free Agent
Sam Franklin Jr.,43580,S,Free Agent
Zach Thomas,43641,T,Free Agent
Jake Hansen,43645,LB,Free Agent
Jaylon Moore,43678,T,Free Agent
Levi Onwuzurike,43679,DI,Anchorage
Jeffery Simmons,43742,DI,New Orleans
De'Jon Harris,43858,LB,Free Agent
Derrick Brown,43883,DI,Berlin
Timmy Horne,43918,DI,Free Agent
Tyler Hall,43958,CB,Free Agent
Pat Jones II,43974,ED,Free Agent
Byron Murphy Jr.,44027,CB,Free Agent
Benito Jones,44035,DI,Berlin
Julian Okwara,44152,ED,Free Agent
Quinnen Williams,44216,DI,Berlin
Nnamdi Madubuike,44304,DI,Lancaster
Boogie Basham,44320,ED,Free Agent
Naquan Jones,44363,DI,Free Agent
Isaiahh Loudermilk,44416,DI,Free Agent
Elijah Riley,44440,S,Free Agent
Innis Gaines,44443,CB,Free Agent
Kyzir White,44485,LB,Berlin
Elijah Garcia,44498,DI,Free Agent
Trysten Hill,44519,DI,Free Agent
Brian Burns,44522,ED,Las Vegas
Ross Blacklock,44526,DI,Free Agent
D.J. Wonnum,44550,ED,Free Agent
Jack Heflin,44570,DI,Free Agent
Raekwon Davis,44582,DI,Free Agent
Jonah Williams,44597,DI,Free Agent
Leki Fotu,44614,DI,Free Agent
Prince Tega Wanogho,44820,T,Free Agent
Khari Blasingame,44889,FB,Free Agent
Kayode Awosika,44909,G,Free Agent
Olamide Zaccheaus,44920,WR,Free Agent
Hjalte Froholdt,44959,C,Raleigh
Luke Masterson,45046,LB,Free Agent
Sua Opeta,45110,G,Free Agent
Terrell Burgess,45255,S,Free Agent
Essang Bassey,45258,CB,Free Agent
Jordan Fuller,45326,S,Ivory Coast
Eric Banks,45507,DI,Free Agent
Mason Cole,45547,C,Free Agent
James Daniels,45576,G,Akureyri
Brandon Stephens,45644,CB,Lancaster
David Montgomery,45719,HB,Lancaster
D'Ernest Johnson,45734,HB,Free Agent
Royce Freeman,45747,HB,Free Agent
Ty Johnson,45769,HB,Free Agent
Trayveon Williams,45775,HB,Free Agent
Nick Chubb,45783,HB,Ivory Coast
Saquon Barkley,45791,HB,Greenland
Alexander Mattison,45817,HB,Free Agent
Jake Funk,45835,HB,Free Agent
Chase Edmonds,45851,HB,Free Agent
Travis Homer,45859,HB,Free Agent
Justice Hill,45865,HB,Free Agent
Ke'Shawn Vaughn,45866,HB,Free Agent
Devine Ozigbo,45903,HB,Free Agent
Josh Jacobs,45953,HB,New Orleans
Garrett Bradbury,46013,C,Cuba
Aaron Brewer,46014,C,Svalbard
Gus Edwards,46027,HB,Free Agent
Isaiah Wynn,46048,G,Free Agent
Lester Cotton,46085,G,Free Agent
Brian Allen,46104,C,Free Agent
Wyatt Teller,46131,G,Anchorage
Robert Hunt,46139,G,Cancun
Matt Peart,46179,T,Free Agent
Will Hernandez,46180,G,Las Vegas
Connor Williams,46216,C,Raleigh
Patrick Mekari,46219,T,Free Agent
Orlando Brown Jr.,46227,T,Svalbard
Chuma Edoga,46232,T,Free Agent
Elijah Wilkinson,46238,G,Free Agent
Calvin Anderson,46247,T,Free Agent
Joe Noteboom,46249,T,Free Agent
Justin Herron,46271,T,Free Agent
Mike McGlinchey,46275,T,New Orleans
Blake Brandel,46282,G,Free Agent
Austin Corbett,46290,G,Free Agent
Elgton Jenkins,46298,G,Cuba
Blake Hance,46301,T,Free Agent
Chukwuma Okorafor,46302,T,Free Agent
Geron Christian,46375,T,Free Agent
Jake Browning,46401,QB,Free Agent
Lamar Jackson,46416,QB,Las Vegas
Tyler Huntley,46448,QB,Free Agent
Mike White,46453,QB,Free Agent
Brett Rypien,46487,QB,Free Agent
Logan Woodside,46517,QB,Free Agent
Baker Mayfield,46518,QB,Greenland
Mason Rudolph,46569,QB,Free Agent
Josh Allen,46601,QB,New Orleans
Matt Pryor,46647,T,Free Agent
Quinn Bailey,46669,G,Free Agent
Chris Lindstrom,46692,G,Rome
Kevin Dotson,46735,G,Cancun
Nick Harris,46752,C,Free Agent
Braden Smith,46794,T,Raleigh
Nate Davis,46808,G,Berlin
Brett Toth,46848,G,Free Agent
Brian O'Neill,46854,T,Quebec
John Leglue,46859,C,Free Agent
Kaleb McGary,46912,T,Svalbard
Fred Johnson,46951,T,Free Agent
Max Scharping,46961,C,Free Agent
Lucas Niang,47004,T,Free Agent
Dalton Risner,47008,G,Raleigh
Kolton Miller,47013,T,Berlin
Josiah Deguara,47034,TE,Free Agent
Foster Moreau,47043,TE,Cancun
Jordan Akins,47050,TE,Free Agent
Andre James,47058,C,Cancun
Josh Oliver,47083,TE,Free Agent
Andrew Beck,47121,FB,Free Agent
Tyler Conklin,47124,TE,Quebec
Mike Gesicki,47153,TE,Cwmfelinfach
Mitchell Wilcox,47234,TE,Free Agent
Durham Smythe,47257,TE,Free Agent
Drew Sample,47259,TE,Free Agent
Dallas Goedert,47272,TE,Berlin
Hayden Hurst,47294,TE,Ivory Coast
Dalton Schultz,47304,TE,Svalbard
Brycen Hopkins,47338,TE,Free Agent
River Cracraft,47417,WR,Free Agent
Mark Andrews,47436,TE,Raleigh
Van Jefferson,47447,WR,Free Agent
Jakobi Meyers,47468,WR,Svalbard
Scott Miller,47481,WR,Free Agent
Hunter Renfrow,47509,WR,Hungary
Christian Kirk,47546,WR,Akureyri
Blake Lynch,47621,LB,Free Agent
KaVontae Turpin,47658,WR,Svalbard
DJ Chark Jr.,47702,WR,Las Vegas
Collin Johnson,47808,WR,Free Agent
Marquez Valdes-Scantling,47809,WR,Free Agent
Nick Westbrook-Ikhine,47861,WR,Ivory Coast
D.K. Metcalf,47864,WR,Cancun
Ray-Ray McCloud III,47895,WR,Free Agent
Parris Campbell,47940,WR,Free Agent
Braxton Berrios,47961,WR,Free Agent
Equanimeous St. Brown,47967,WR,Free Agent
Keith Kirkwood,48017,WR,Free Agent
Trent Sherfield,48021,WR,Free Agent
Jauan Jennings,48027,WR,Svalbard
Brandon Powell,48036,WR,Free Agent
James Proche II,48037,WR,Free Agent
Tyler Johnson,48054,WR,Free Agent
Trenton Irwin,48080,WR,Free Agent
Allen Lazard,48135,WR,Free Agent
Keelan Doss,48143,WR,Free Agent
Cody Thompson,48152,WR,Free Agent
Courtland Sutton,48164,WR,Raleigh
Cedrick Wilson Jr.,48170,WR,Free Agent
Miles Boykin,48209,WR,Free Agent
Terry McLaurin,48229,WR,Ivory Coast
Darnell Mooney,48236,WR,Raleigh
Calvin Ridley,48262,WR,Hungary
DJ Moore,48267,WR,New Orleans
Deebo Samuel,48274,WR,Las Vegas
A.J. Brown,48327,WR,Quebec
Steven Sims,48341,WR,Free Agent
Da'Shawn Hand,48386,DI,Free Agent
Jalyn Holmes,48400,DI,Free Agent
Kentavius Street,48404,DI,Free Agent
Anthony Nelson,48405,ED,Free Agent
Jonathan Greenard,48407,ED,Svalbard
Mike Danna,48415,ED,Akureyri
James Smith-Williams,48455,ED,Free Agent
Sam Hubbard,48457,ED,Cwmfelinfach
Tyquan Lewis,48475,ED,Free Agent
Justin Hollins,48498,ED,Free Agent
Carl Granderson,48500,ED,Akureyri
Chase Winovich,48523,ED,Free Agent
Bradley Chubb,48526,ED,Greenland
Oshane Ximines,48538,ED,Free Agent
Dorance Armstrong,48557,ED,Cancun
Malik Reed,48567,ED,Free Agent
Matt Nelson,48584,T,Free Agent
Harold Landry III,48600,ED,Greenland
Tyler Lancaster,48604,DI,Free Agent
Roy Lopez,48676,DI,Free Agent
Harrison Phillips,48690,DI,Quebec
Daron Payne,48698,DI,Ivory Coast
Greg Gaines,48706,DI,Free Agent
Rasheem Green,48731,ED,Free Agent
Marlon Davidson,48741,DI,Free Agent
Taven Bryan,48753,DI,Free Agent
Bruce Hector,48759,DI,Free Agent
Deadrin Senat,48815,DI,Free Agent
L.J. Collier,48822,DI,Free Agent
Michael Dogbe,48850,DI,Free Agent
Eli Ankou,48856,DI,Free Agent
Patrick Ricard,48862,FB,Cuba
Daniel Ekuale,48874,DI,Free Agent
Poona Ford,48875,DI,Free Agent
Taylor Stallworth,48935,DI,Free Agent
Justin Jones,48940,DI,Cancun
Vita Vea,48956,DI,Anchorage
Tim Settle,48966,DI,Free Agent
Kevin Strong,48981,DI,Free Agent
Khalil Davis,48988,DI,Free Agent
Kendal Vickers,48993,DI,Free Agent
Nick Scott,49012,S,Free Agent
Josh Woods,49023,LB,Free Agent
Justin Reid,49048,S,Raleigh
Tre Flowers,49059,CB,Free Agent
Khaleke Hudson,49073,LB,Free Agent
Jalen Thompson,49116,S,Quebec
Dallin Leavitt,49120,S,Free Agent
Ryan Neal,49132,S,Free Agent
Jessie Bates III,49162,S,Anchorage
Ezekiel Turner,49167,LB,Free Agent
Elijah Campbell,49190,S,Free Agent
Jordan Whitehead,49196,S,Ivory Coast
Ronnie Harrison,49206,LB,Free Agent
Demetrius Flannigan-Fowles,49231,LB,Free Agent
Tony Brown,49255,CB,Free Agent
Andrew Wingard,49268,S,Free Agent
Carlton Davis III,49335,CB,Hungary
Kindle Vildor,49346,CB,Free Agent
Chandon Sullivan,49349,CB,Free Agent
Jaire Alexander,49350,CB,Akureyri
Ugo Amadi,49352,CB,Free Agent
Greg Stroman Jr.,49354,CB,Free Agent
Isaac Yiadom,49355,CB,Free Agent
Chris Lammons,49368,CB,Free Agent
C.J. Gardner-Johnson,49371,S,Cuba
Jaylon Jones,49374,CB,Free Agent
Donte Jackson,49377,CB,New Orleans
Danny Johnson,49379,CB,Free Agent
Cam Lewis,49395,S,Free Agent
M.J. Stewart,49397,S,Free Agent
Donovan Wilson,49408,S,Raleigh
Julian Blackmon,49434,S,New Orleans
Ka'dar Hollman,49446,CB,Free Agent
Taron Johnson,49511,CB,Raleigh
Nick McCloud,49535,CB,Free Agent
Denzel Ward,49558,CB,Cuba
Ashtyn Davis,49560,S,Free Agent
Rock Ya-Sin,49564,CB,Raleigh
Duke Shelley,49569,CB,Free Agent
Matt Dickerson,49601,DI,Free Agent
Zach Allen,49605,DI,Svalbard
Nick Thurman,49607,DI,Free Agent
Markus Bailey,49681,LB,Free Agent
Shaquille Leonard,49684,LB,Free Agent
Cole Holcomb,49753,LB,Free Agent
Quincy Williams,49779,LB,Raleigh
Azeez Al-Shaair,49792,LB,Akureyri
Zaire Franklin,49834,LB,Berlin
Ryan Connelly,49840,LB,Free Agent
Christian Rozeboom,49862,LB,Free Agent
B.J. Hill,49894,DI,Raleigh
Sebastian Joseph-Day,49935,DI,Ivory Coast
Jerry Tillery,49949,DI,Free Agent
Derrick Nnadi,49970,DI,Free Agent
Broderick Washington,50049,DI,Free Agent
Uchenna Nwosu,50084,ED,Svalbard
John Franklin-Myers,50088,ED,Svalbard
Josh Sweat,50120,ED,Raleigh
Lorenzo Carter,50126,ED,Free Agent
Ogbo Okoronkwo,50130,ED,Free Agent
Jacob Martin,50152,ED,Free Agent
Malcolm Roach,50191,DI,Free Agent
Benning Potoa'e,50195,DI,Free Agent
Arden Key,50201,ED,Svalbard
Oren Burks,50203,LB,Free Agent
Rashaan Evans,50213,LB,Free Agent
Josh Hines-Allen,50235,ED,Quebec
Marquis Haynes Sr.,50244,ED,Free Agent
Marcus Davenport,50291,ED,New Orleans
Christian Wilkins,50293,DI,Cwmfelinfach
Nik Needham,50356,CB,Free Agent
Tre Herndon,50380,CB,Free Agent
Isaiah Oliver,50393,CB,Svalbard
Juan Thornhill,50426,S,Berlin
Emmanuel Moseley,50430,CB,Hungary
Jalen Davis,50431,CB,Free Agent
Mike Jackson,50437,CB,Las Vegas
Sheldrick Redwine,50458,S,Free Agent
Parry Nickerson,50511,CB,Free Agent
Mike Ford,50535,CB,Free Agent
Avonte Maddox,50543,CB,Free Agent
Brandon Facyson,50564,CB,Free Agent
Charles Omenihu,50612,ED,Akureyri
Luke Gifford,50675,LB,Free Agent
Jason Cabinda,50714,FB,Free Agent
Josey Jewell,50720,LB,New Orleans
Cody Barton,50727,LB,Las Vegas
Jordyn Brooks,50851,LB,Berlin
Malik Jefferson,50884,LB,Free Agent
Roquan Smith,50892,LB,Greenland
Andre Smith,50897,LB,Free Agent
Tremaine Edmunds,50905,LB,Free Agent
Robert Spillane,50918,LB,Las Vegas
Leighton Vander Esch,50950,LB,Retired
Bobby Okereke,50954,LB,Cuba
Ja'Whaun Bentley,50966,LB,Free Agent
Frankie Luvu,51028,LB,Lancaster
Tyrel Dodson,51045,LB,Raleigh
Shaquille Quarterman,51048,LB,Free Agent
Jahlani Tavai,51055,LB,Cuba
Julian Love,51081,S,New Orleans
Ben Niemann,51099,LB,Free Agent
Taylor Rapp,51172,S,New Orleans
P.J. Locke,51189,S,Free Agent
Andre Chachere,51194,S,Free Agent
Minkah Fitzpatrick,51206,S,Lancaster
Fred Warner,51222,LB,Lancaster
Tracy Walker III,51266,S,Free Agent
Drue Tranquill,51276,LB,Ivory Coast
Mike Edwards,51282,S,Free Agent
Kristian Welch,51283,LB,Free Agent
Sean Chandler,51315,S,Free Agent
Terrell Edmunds,51334,S,Free Agent
Will Harris,51336,CB,Free Agent
Micah Abernathy,51344,S,Free Agent
Derwin James Jr.,51368,S,New Orleans
Amani Hooker,51378,S,Ivory Coast
Marcus Epps,51391,S,Free Agent
Roderic Teamer,51405,S,Free Agent
Jaylinn Hawkins,51423,S,Free Agent
Kaden Elliss,51485,LB,Svalbard
J.T. Gray,51495,S,Free Agent
Dre Greenlaw,51503,LB,Raleigh
Kenny Moore II,51596,CB,Quebec
Nicholas Morrow,51674,LB,Free Agent
Sean Clifford,51708,QB,Free Agent
Brady Christensen,51985,G,Hungary
Khyiris Tonga,52000,DI,Free Agent
Isaiah Hodgins,52130,WR,Hungary
Austin Trammell,52195,WR,Free Agent
Colby Parkinson,52266,TE,Free Agent
Davis Mills,52269,QB,Free Agent
Drew Dalman,52270,C,Berlin
Foster Sarell,52272,T,Free Agent
Paulson Adebo,52280,CB,Anchorage
Tucker Fisk,52286,TE,Free Agent
Walker Little,52287,T,Hungary
Jackson Carman,52575,T,Free Agent
Ivan Pace Jr.,53587,LB,Hungary
Carrington Valentine,53750,CB,Cancun
Josh Whyle,54037,TE,Cancun
Benton Whitley,54444,ED,Free Agent
Brock Hoffman,54535,C,Svalbard
D.J. Montgomery,55003,WR,Free Agent
Malcolm Koonce,55015,ED,Svalbard
Charlie Jones,55038,WR,New Orleans
Desmond Ridder,55086,QB,Svalbard
Darrick Forrest,55087,S,Lancaster
Coby Bryant,55088,S,Lancaster
Ryan Van Demark,55113,T,Free Agent
Boye Mafe,55220,ED,Quebec
John Michael Schmitz Jr.,55238,C,Cwmfelinfach
Mark Robinson,55265,LB,Free Agent
Kalia Davis,55389,DI,Free Agent
Gabe Davis,55410,WR,Svalbard
Ja'Sir Taylor,55426,CB,Free Agent
Zach Tom,55443,T,Quebec
Elijah Hicks,55584,S,Free Agent
A.J. Terrell,55586,CB,Ivory Coast
Josh Blackwell,55589,CB,Free Agent
Marco Wilson,55592,CB,Free Agent
CJ Henderson,55593,CB,Free Agent
Lonnie Johnson Jr.,55615,S,Free Agent
Amik Robertson,55619,CB,Free Agent
Russ Yeast,55629,S,Hungary
DeeJay Dallas,55632,HB,Free Agent
Josiah Scott,55634,CB,Free Agent
Shaun Wade,55673,CB,Svalbard
Jeff Okudah,55674,CB,Hungary
Tre Brown,55677,CB,Hungary
Deommodore Lenoir,55686,CB,New Orleans
Tariq Castro-Fields,55689,CB,Free Agent
Marcus Jones,55717,CB,Raleigh
Darious Williams,55724,CB,Cancun
Ja'Marcus Ingram,55738,CB,Free Agent
Xavier McKinney,55775,S,Cuba
Montaric Brown,55797,CB,Free Agent
Kamren Curl,55800,S,Svalbard
Eric Stokes,55912,CB,New Orleans
Ameer Speed,55918,CB,Free Agent
Grant Stuard,55933,LB,Free Agent
Bryan Cook,55940,S,Akureyri
Nate Hobbs,55948,CB,Akureyri
Tony Adams,55953,S,Rome
Raheem Layne,55960,S,Free Agent
Geno Stone,55967,S,Cancun
A.J. Parker,55983,CB,Free Agent
Markquese Bell,56033,LB,Akureyri
Mike Brown,56054,S,Free Agent
Ambry Thomas,56058,CB,Free Agent
Benjamin St-Juste,56061,CB,Quebec
Reed Blankenship,56065,S,Raleigh
Nephi Sewell,56107,LB,Free Agent
Damarri Mathis,56143,CB,Free Agent
Jason Pinnock,56144,S,Lancaster
Tre Avery,56146,CB,Free Agent
DaRon Bland,56158,CB,Rome
Marte Mapu,56159,S,Ivory Coast
Keisean Nixon,56167,CB,Free Agent
Ifeatu Melifonwu,56203,S,Raleigh
Quentin Lake,56245,CB,Svalbard
Darnay Holmes,56247,CB,Free Agent
Jaylon Johnson,56259,CB,Svalbard
Elijah Molden,56290,S,Free Agent
A.J. Thomas,56309,S,Free Agent
Jalen Harris,56321,ED,Free Agent
BJ Thompson,56330,ED,Free Agent
Chris Rumph II,56345,ED,Free Agent
Victor Dimukeje,56347,ED,Free Agent
Zach Carter,56349,DI,Cancun
A.J. Epenesa,56369,ED,Akureyri
Andre Jones Jr.,56395,ED,Cancun
Neil Farrell Jr.,56401,DI,Quebec
Earnest Brown IV,56428,DI,Free Agent
Chase Young,56436,ED,Rome
Yetur Gross-Matos,56444,ED,Free Agent
Patrick Johnson,56460,ED,Free Agent
Cam Sample,56462,ED,Free Agent
Matt Henningsen,56484,DI,Free Agent
LaBryan Ray,56501,DI,Free Agent
Isaiah Buggs,56503,DI,Free Agent
Phidarian Mathis,56504,DI,Greenland
D.J. Davidson,56523,DI,Free Agent
T.J. Slaton,56597,DI,Lancaster
Malik Herring,56616,ED,Free Agent
Payton Turner,56624,ED,Free Agent
Kendrick Green,56642,G,Free Agent
Mike Greene,56664,DI,Free Agent
Phil Hoskins,56672,DI,Free Agent
Quinton Bohanna,56673,DI,Free Agent
Milton Williams,56682,DI,Svalbard
DJ Johnson,56704,ED,Free Agent
Kwity Paye,56713,ED,Las Vegas
Jordan Elliott,56734,DI,Free Agent
Jordon Riley,56759,DI,Quebec
Kurt Hinish,56787,DI,Berlin
Austin Faoliu,56800,DI,Free Agent
Javon Kinlaw,56834,DI,Hungary
Kingsley Jonathan,56856,ED,Free Agent
Arnold Ebiketie,56862,ED,Cwmfelinfach
Ta'Quon Graham,56868,DI,Free Agent
Micheal Clemons,56872,ED,Free Agent
Jayden Peevy,56876,DI,Free Agent
Jaelan Phillips,56902,ED,Rome
Jay Tufele,56913,DI,Free Agent
Dayo Odeyingbo,56923,ED,Akureyri
DeAngelo Malone,56941,ED,Free Agent
Cory Durden,56976,DI,Free Agent
Larrell Murchison,57004,DI,Free Agent
Marlon Tuipulotu,57035,DI,Free Agent
Brandon Pili,57036,DI,Free Agent
Alijah Vera-Tucker,57107,T,Akureyri
Brian Robinson,57120,HB,Las Vegas
Najee Harris,57121,HB,Rome
Gary Brightwell,57133,HB,Free Agent
AJ Dillon,57165,HB,Svalbard
Travis Etienne Jr.,57185,HB,Cuba
Deon Jackson,57189,HB,Free Agent
Cam Akers,57206,HB,Free Agent
Ronnie Rivers,57208,HB,Free Agent
Jordan Mims,57209,HB,Free Agent
D'Andre Swift,57212,HB,Rome
Elijah Mitchell,57272,HB,Cwmfelinfach
Clyde Edwards-Helaire,57279,HB,Free Agent
Anthony McFarland Jr.,57289,HB,Free Agent
Connor Heyward,57301,TE,Svalbard
Troy Andersen,57317,LB,Quebec
Michael Carter,57337,HB,Free Agent
J.K. Dobbins,57366,HB,Rome
Trey Sermon,57372,HB,Free Agent
Chuba Hubbard,57373,HB,Quebec
Raheem Blackshear,57385,HB,Free Agent
Elijah Dotson,57394,HB,Free Agent
Salvon Ahmed,57472,HB,Free Agent
Jonathan Taylor,57488,HB,Cancun
Jack Gibbens,57662,LB,Quebec
D'Marco Jackson,57691,LB,Free Agent
Tony Fields II,57698,LB,Free Agent
Jon Rhattigan,57718,LB,Free Agent
Chandler Wooten,57726,LB,Free Agent
K.J. Britt,57727,LB,Cancun
Jalen Pitre,57737,S,Cancun
Terrel Bernard,57739,LB,Berlin
Isaiah McDuffie,57754,LB,Cancun
Baylon Spector,57782,LB,Free Agent
Nate Landman,57788,LB,Hungary
Matthew Jackson,57797,S,Free Agent
James Houston,57810,ED,Anchorage
Mykal Walker,57834,LB,Free Agent
Monty Rice,57839,LB,Free Agent
Robert Beal Jr.,57840,ED,Free Agent
Del'Shawn Phillips,57868,LB,Free Agent
Jake Hummel,57879,LB,Free Agent
Kyron Johnson,57890,ED,Free Agent
Jamin Davis,57905,LB,Cwmfelinfach
Josh Paschal,57908,ED,Akureyri
Patrick Queen,57941,LB,Akureyri
K'Lavon Chaisson,57945,ED,Free Agent
J.J. Russell,57958,LB,Free Agent
Willie Gay,57987,LB,Lancaster
Jeremiah Owusu-Koramoah,58089,LB,Anchorage
Pete Werner,58093,LB,Cancun
Baron Browning,58095,ED,Berlin
Kenneth Murray Jr.,58099,LB,Anchorage
Derrick Barnes,58120,LB,Free Agent
Buddy Johnson,58189,LB,Free Agent
Devin Lloyd,58238,LB,Greenland
Joe Tryon-Shoyinka,58272,ED,Berlin
Jedrick Wills Jr.,58467,T,Free Agent
Xavier Newman,58525,G,Free Agent
John Ojukwu,58530,T,Free Agent
Sidy Sow,59675,G,Svalbard
Andrew Thomas,59701,T,Anchorage
Vederian Lowe,59741,T,Svalbard
Mekhi Becton,59818,T,Raleigh
Ed Ingram,59819,G,Berlin
Saahdiq Charles,59820,G,Free Agent
Austin Deculus,59821,T,Free Agent
James Hudson III,59854,T,Free Agent
Cesar Ruiz,59857,G,New Orleans
Ben Brown,59869,G,Free Agent
Tyre Phillips,59874,T,Free Agent
Larry Borom,59879,T,Free Agent
Brenden Jaimes,59909,C,Free Agent
Trevor Penning,59963,T,Svalbard
Rashawn Slater,59971,T,Greenland
Robert Hainsey,59980,C,Cwmfelinfach
Aaron Banks,59983,G,Greenland
Josh Myers,59992,C,Ivory Coast
Thayer Munford Jr.,59994,T,Lancaster
Creed Humphrey,59996,C,Lancaster
Arlington Hambright,60003,G,Free Agent
Carter Warren,60023,T,Free Agent
Dennis Daley,60063,G,Free Agent
Braxton Jones,60092,T,Lancaster
Sam Cosmi,60114,G,Lancaster
Dan Moore Jr.,60120,T,Free Agent
Abraham Lucas,60218,T,New Orleans
Jordan Meredith,60235,G,Free Agent
Mac Jones,60323,QB,Cuba
Tua Tagovailoa,60326,QB,Quebec
Malik Willis,60341,QB,Free Agent
Bailey Zappe,60396,QB,Free Agent
Stone Smartt,60492,TE,Free Agent
Kenny Pickett,60515,QB,Greenland
Aidan O'Connell,60516,QB,Anchorage
Tommy DeVito,60545,QB,Free Agent
Michael Carter II,60644,CB,Las Vegas
James Pierre,60649,CB,Free Agent
Grant Delpit,60685,S,Akureyri
Malcolm Rodriguez,60731,LB,Lancaster
Garret Wallow,60761,LB,Free Agent
Isaiah Pola-Mao,60781,S,Free Agent
Derrek Pitts,60785,CB,Free Agent
Marcus McKethan,60811,G,Free Agent
Austin Jackson,60816,T,Berlin
Yosh Nijman,60822,T,Free Agent
Noah Gray,60878,TE,Free Agent
Peyton Hendershot,60915,TE,Free Agent
Charlie Kolar,60917,TE,Cancun
Dylan Parham,60953,G,Akureyri
Brock Wright,60994,TE,Free Agent
Cole Kmet,60995,TE,Greenland
Grant Calcaterra,60997,TE,Free Agent
Keion White,60998,ED,Lancaster
Cade Otton,61071,TE,Rome
Nick Muse,61079,TE,Free Agent
Jake Ferguson,61081,TE,New Orleans
DeVonta Smith,61100,WR,Svalbard
Jerry Jeudy,61103,WR,Raleigh
Noah Igbinoghene,61155,CB,Las Vegas
Quintin Morris,61182,TE,Free Agent
Tee Higgins,61211,WR,Cwmfelinfach
Amari Rodgers,61212,WR,Free Agent
Laviska Shenault Jr.,61220,WR,Free Agent
Kadarius Toney,61245,WR,Free Agent
Ihmir Smith-Marsette,61324,WR,Free Agent
Lynn Bowden,61361,WR,Free Agent
Justin Jefferson,61398,WR,Cuba
Calvin Austin III,61418,WR,Hungary
Dominique Robinson,61436,ED,New Orleans
Donovan Peoples-Jones,61439,WR,Free Agent
Nico Collins,61441,WR,Quebec
Daiyan Henley,61500,LB,New Orleans
Elijah Cooks,61501,WR,Free Agent
Marquise Brown,61568,WR,Lancaster
CeeDee Lamb,61570,WR,Greenland
Tylan Wallace,61577,WR,Free Agent
Bo Melton,61610,WR,Quebec
Jalen Tolbert,61637,WR,Las Vegas
Quez Watkins,61664,WR,Free Agent
Tim Jones,61669,WR,Free Agent
Jalen Reagor,61697,WR,Free Agent
Tariq Woolen,61790,CB,Greenland
Alex Cook,61805,S,Free Agent
Christian Elliss,61853,LB,Raleigh
Joey Blount,62771,S,Free Agent
Chris Glaser,62780,G,Free Agent
Rondale Moore,62890,WR,Raleigh
Theo Jackson,62919,S,Free Agent
Matthew Butler,62931,DI,Greenland
Ty Chandler,62942,HB,Cwmfelinfach
Jordan Mason,62946,HB,Free Agent
Trey Smith,62960,G,Greenland
Joshua Palmer,62979,WR,Rome
Jack Cochrane,63345,LB,Free Agent
Rashid Shaheed,63707,WR,Quebec
Rodney Williams,63718,TE,Free Agent
Colton Dowell,63721,WR,Free Agent
Tristan Wirfs,64818,T,Berlin
Akayleb Evans,65033,CB,Lancaster
Samuel Womack III,65771,CB,Ivory Coast
Alex Cappa,66578,G,Hungary
Christian Watson,66581,WR,Greenland
Pierre Strong Jr.,66619,HB,Quebec
Cody Mauch,66637,G,Akureyri
Nash Jensen,66672,G,Free Agent
John Ridgeway,66694,DI,Free Agent
Zyon McCollum,66769,CB,Cancun
Tristin McCollum,66771,S,Free Agent
Josh Hayes,66798,CB,Free Agent
Kobie Turner,66894,DI,Raleigh
Justin Watson,66915,WR,Free Agent
Jordan Mailata,66916,T,Raleigh
Zach Sieler,66917,DI,Cuba
Tanner Hudson,66924,TE,Free Agent
Dennis Gardeck,66928,ED,Free Agent
Jonathan Owens,66930,S,Free Agent
Tavierre Thomas,66931,CB,Free Agent
Drake Jackson,70839,ED,Greenland
Sean Rhyan,72009,G,Greenland
Trent McDuffie,72191,CB,Akureyri
Chad Muma,75818,LB,Berlin
Trey McBride,75916,TE,Akureyri
Mario Goodrich,76578,CB,Free Agent
Tanner McCalister,76591,CB,Free Agent
Asante Samuel Jr.,76625,CB,Quebec
Andre Cisco,76641,S,Rome
Juanyeh Thomas,76655,S,Svalbard
Chamarri Conner,76662,S,Hungary
DJ Ivey,76670,CB,Free Agent
Quindell Johnson,76689,S,Free Agent
Caden Sterns,76725,S,Anchorage
Anthony Johnson Jr.,76736,S,Free Agent
Ekow Boye-Doe,76742,CB,Free Agent
D'Shawn Jamison,76791,CB,Free Agent
KJ Henry,76808,ED,Hungary
Myjai Sanders,76816,ED,Greenland
Ronnie Perkins,76830,ED,Free Agent
Tyler Lacy,76836,DI,Hungary
Ochaun Mathis,76838,ED,Free Agent
Will McDonald IV,76842,ED,Ivory Coast
Desjuan Johnson,76850,DI,Free Agent
Nesta Jade Silvera,76888,DI,Free Agent
Greg Rousseau,76889,ED,Cancun
Travis Jones,76914,DI,Cancun
Logan Hall,76919,DI,Rome
Moro Ojomo,76927,DI,Raleigh
Keondre Coburn,76928,DI,Ivory Coast
Dante Stills,76937,DI,Anchorage
Karl Brooks,76941,DI,Cuba
Alim McNeill,76996,DI,Raleigh
Yasir Abdullah,77100,ED,Free Agent
Trevor Denbow,77165,S,Free Agent
Zaven Collins,77190,ED,Svalbard
Brian Asamoah II,77195,LB,Cwmfelinfach
Nik Bonitto,77196,ED,Berlin
Joseph Ossai,77205,ED,Quebec
Steve Avila,77319,G,Lancaster
Tyler Vrabel,77343,T,Free Agent
Joshua Ezeudu,77355,T,Ivory Coast
Christian Darrisaw,77373,T,Greenland
Jaylon Thomas,77421,C,Free Agent
Luke Goedeke,77548,T,Anchorage
Jordan McFadden,77578,G,Free Agent
Chris Paul,77579,G,Free Agent
Trevor Lawrence,77632,QB,Cuba
Clayton Tune,77652,QB,Cwmfelinfach
Brock Purdy,77672,QB,Ivory Coast
Kenneth Gainwell,77737,HB,Free Agent
Keaontay Ingram,77761,HB,Free Agent
Emari Demercado,77763,HB,Cancun
Chase Brown,77787,HB,Rome
Javonte Williams,77803,HB,Akureyri
Delarrin Turner-Yell,77836,S,Free Agent
JT Woods,77837,S,Cuba
Jarrick Bernard-Converse,77841,S,Free Agent
Jason Taylor II,77842,S,Free Agent
Tre'von Moehrig,77847,S,Cwmfelinfach
Ar'Darius Washington,77848,CB,Free Agent
James Mitchell,77885,TE,Free Agent
Brevin Jordan,77887,TE,Free Agent
Will Mallory,77888,TE,Anchorage
Ben Sims,77918,TE,Free Agent
Bernhard Raimann,77948,T,Rome
Tutu Atwell,77965,WR,Raleigh
A.T. Perry,77975,WR,Anchorage
Antoine Green,77985,WR,Free Agent
Dyami Brown,77986,WR,Lancaster
Jake Bobo,77997,WR,Raleigh
Justyn Ross,78021,WR,Free Agent
Derion Kendrick,78022,CB,New Orleans
Alec Pierce,78038,WR,Cwmfelinfach
Antonio Gibson,78050,HB,Ivory Coast
Tyquan Thornton,78092,WR,Cuba
Erik Ezukanma,78148,WR,Free Agent
Jayden Reed,78171,WR,Berlin
Derius Davis,78196,WR,Free Agent
Ja'Tyre Carter,78432,G,Free Agent
NaJee Thompson,78869,CB,Free Agent
Tank Dell,78874,WR,Akureyri
Cobie Durant,79126,CB,New Orleans
Christian Benford,79181,CB,Berlin
Travis Bell,79253,DI,Free Agent
Nick Hampton,81162,ED,Free Agent
Cam Jones,81244,LB,Free Agent
Micah McFadden,81246,LB,Anchorage
Damone Clark,81282,LB,Akureyri
Chance Campbell,81295,LB,Free Agent
Cameron McGrone,81300,LB,Free Agent
Nick Bolton,81322,LB,Rome
Dylan Horton,81335,ED,Free Agent
Micah Parsons,81360,ED,Anchorage
Jesse Luketa,81361,ED,Free Agent
Ernest Jones,81399,LB,Cancun
Damien Lewis,81532,G,Lancaster
Jamaree Salyer,81656,G,Anchorage
Max Mitchell,81707,T,Quebec
Spencer Anderson,81719,G,Free Agent
Jaelyn Duncan,81722,T,Akureyri
Jalen Mayfield,81725,G,Free Agent
Daniel Faalele,81734,T,Hungary
Jarrett Patterson,81775,C,Berlin
Nick Saldiveri,81785,G,Raleigh
Penei Sewell,81788,T,Las Vegas
Rasheed Walker,81798,T,Cancun
Juice Scruggs,81800,G,Ivory Coast
Raiqwon O'Neal,81811,T,Free Agent
Jake Andrews,81868,G,Svalbard
Spencer Burford,81920,G,Berlin
Tyler Steen,81921,G,Quebec
Brenton Cox Jr.,81957,ED,Free Agent
Azeez Ojulari,81959,ED,Las Vegas
Kana'i Mauga,81982,LB,Free Agent
Cade Mays,81995,G,Free Agent
Nicholas Petit-Frere,82003,T,Rome
Jaren Hall,82094,QB,Free Agent
Zach Wilson,82096,QB,Free Agent
Justin Fields,82118,QB,Raleigh
Odafe Oweh,82161,ED,Hungary
Christian Barmore,82198,DI,Ivory Coast
Teair Tart,82261,DI,Free Agent
Devonte Wyatt,82268,DI,Ivory Coast
Tyler Linderbaum,82291,C,Hungary
Aidan Hutchinson,82330,ED,Anchorage
Eku Leota,82363,ED,Free Agent
Cameron Thomas,82387,ED,Raleigh
Kingsley Enagbare,82409,ED,Raleigh
Bobby Brown III,82429,DI,Anchorage
Tyree Wilson,82432,ED,New Orleans
Atonio Mafi,82449,G,Free Agent
Otito Ogbonnia,82450,DI,Lancaster
Scott Matlock,82482,DI,Free Agent
Cameron Young,82499,DI,Cwmfelinfach
PJ Mustipher,82505,DI,Free Agent
Ben VanSumeren,82523,LB,Free Agent
Quay Walker,82547,LB,Raleigh
Channing Tindall,82548,LB,Free Agent
Jack Sanborn,82566,LB,Raleigh
Jerry Jacobs,83025,CB,Free Agent
Mekhi Blackmon,83036,CB,Quebec
Kelvin Joseph,83051,CB,Free Agent
Lance Boykin,83066,CB,Free Agent
Kahlef Hailassie,83072,CB,Free Agent
Ethan Bonner,83091,CB,Free Agent
Starling Thomas V,83098,CB,Free Agent
Pat Surtain II,83119,CB,Anchorage
Jalyn Armour-Davis,83120,CB,Rome
Josh Jobe,83122,CB,Free Agent
Kyle Hinton,83163,G,Free Agent
Jamien Sherwood,83175,LB,Free Agent
Roger McCreary,83176,CB,Hungary
Tyson Campbell,83217,CB,Cwmfelinfach
Divaad Wilson,83218,CB,Free Agent
Otis Reese IV,83219,LB,Free Agent
Chris Smith II,83220,S,Free Agent
Quan Martin,83236,S,Las Vegas
Kerby Joseph,83239,S,Akureyri
Sydney Brown,83241,S,Svalbard
Jaylin Williams,83246,CB,Free Agent
JuJu Brents,83256,CB,Raleigh
Kaevon Merriweather,83257,S,Free Agent
Riley Moss,83259,CB,Hungary
Percy Butler,83271,S,Anchorage
Eric Garror,83274,CB,Free Agent
Steven Gilmore,83286,CB,Free Agent
Vincent Gray,83297,CB,Free Agent
Terell Smith,83302,CB,Hungary
Benny Sapp III,83304,S,Free Agent
Jordan Howden,83305,S,Anchorage
Cam Taylor-Britt,83326,CB,New Orleans
Greg Newsome II,83341,CB,Ivory Coast
Christian Izien,83360,CB,Anchorage
Jaycee Horn,83375,CB,Las Vegas
Israel Mukuamu,83377,S,Free Agent
Kyler Gordon,83451,CB,Akureyri
Alontae Taylor,83469,CB,Cuba
Tyreke Smith,83513,ED,Free Agent
Will Levis,83542,QB,Hungary
Dorian Thompson-Robinson,83574,QB,Hungary
Jerome Ford,83601,HB,Rome
Tyler Allgeier,83639,HB,Lancaster
Chris Brooks,83644,HB,Free Agent
Dameon Pierce,83659,HB,Akureyri
Zamir White,83665,HB,Las Vegas
James Cook,83666,HB,Svalbard
Chris Rodriguez Jr.,83689,HB,Quebec
Isiah Pacheco,83747,HB,Berlin
Jashaun Corbin,83773,HB,Free Agent
Amari Burney,83811,LB,Free Agent
Corey Ballentine,83833,CB,Free Agent
Jevon Holland,83873,S,Las Vegas
Talanoa Hufanga,83903,S,Anchorage
Isaiah Likely,83955,TE,Las Vegas
Lucas Krull,83962,TE,Free Agent
Kyle Pitts,83964,TE,Quebec
John FitzPatrick,83974,TE,Free Agent
Chigoziem Okonkwo,84000,TE,Lancaster
Luke Schoonmaker,84005,TE,New Orleans
Cam Jurgens,84014,G,Rome
Tommy Tremble,84025,TE,Anchorage
Jeremy Ruckert,84029,TE,Free Agent
Teagan Quitoriano,84036,TE,Free Agent
Payne Durham,84037,TE,Free Agent
Daniel Bellinger,84041,TE,Hungary
Greg Dulcich,84068,TE,Las Vegas
Cole Fotheringham,84070,TE,Free Agent
Pat Freiermuth,84085,TE,Akureyri
Jaylen Waddle,84088,WR,Rome
Brandon Aiyuk,84109,WR,Berlin
Shedrick Jackson,84136,WR,Free Agent
Khalil Shakir,84140,WR,Rome
Ben Bartch,84236,G,Free Agent
Ja'Marr Chase,84270,WR,Lancaster
Terrace Marshall Jr.,84271,WR,Hungary
Ronnie Bell,84288,WR,Free Agent
Jalen Nailor,84292,WR,Free Agent
Rashod Bateman,84296,WR,Akureyri
Elijah Moore,84302,WR,Cancun
Romeo Doubs,84329,WR,Berlin
Cole Turner,84330,TE,Free Agent
Chris Olave,84355,WR,Cancun
Jahan Dotson,84375,WR,Raleigh
Darius Rush,84416,CB,Raleigh
Michael Wilson,84423,WR,New Orleans
Simi Fehoko,84424,WR,Free Agent
Cedric Tillman,84434,WR,Lancaster
Kyle Philips,84463,WR,Free Agent
Amon-Ra St. Brown,84470,WR,Ivory Coast
Deven Thompkins,84480,WR,Free Agent
Markees Watts,84537,ED,Free Agent
Drake London,86519,WR,Berlin
LaCale London,87179,DI,Free Agent
Matt Waletzko,87430,T,Free Agent
Colby Sorsdal,87479,G,Free Agent
Nate Adkins,87625,TE,Free Agent
John Cominsky,88313,DI,Free Agent
Brevin Allen,88418,ED,Free Agent
Julian Hill,88685,TE,Free Agent
Kyle Dugger,90621,S,Ivory Coast
Donald Parham Jr.,91014,TE,Free Agent
Tevaughn Campbell,91247,CB,Free Agent
Brodric Martin,91288,DI,Free Agent
Hunter Luepke,91319,FB,Free Agent
Trey Pipkins III,91462,T,Free Agent
Jesper Horsted,91465,TE,Free Agent
Deonte Harty,91470,WR,Free Agent
Dalton Kincaid,91791,TE,Rome
E.J. Speed,94351,LB,Free Agent
Jonathan Harris,94361,DI,Free Agent
Anthony Pittman,94372,ED,Free Agent
Malik Taylor,94375,WR,Free Agent
Craig Reynolds,94383,HB,Free Agent
Jordan Davis,94854,DI,Anchorage
Gunner Olszewski,95015,WR,Free Agent
Skyy Moore,97116,WR,Lancaster
Kyren Williams,97118,HB,Svalbard
Tyjae Spears,97195,HB,Anchorage
Kenneth Walker III,97199,HB,Akureyri
Zay Flowers,97268,WR,Cuba
Evan Hull,97302,HB,Hungary
Nic Jones,97327,CB,Free Agent
Cameron Mitchell,97340,CB,Free Agent
John Metchie III,97400,WR,Ivory Coast
Garrett Wilson,97405,WR,Berlin
Zonovan Knight,97432,HB,Free Agent
Nick Cross,97514,S,Akureyri
Dax Hill,97519,S,Akureyri
Drake Thomas,97525,LB,Free Agent
Tyrique Stevenson,97562,CB,Lancaster
Sam Howell,97599,QB,Ivory Coast
Rashee Rice,97605,WR,New Orleans
Zach Charbonnet,97630,HB,Cuba
Breece Hall,97636,HB,Anchorage
Alex Austin,97683,CB,Free Agent
Dorian Williams,97694,LB,Cuba
Ronnie Hickman Jr.,97702,S,Free Agent
Jonathan Mingo,97774,WR,Rome
Martin Emerson Jr.,97872,CB,Cuba
Adetomiwa Adebawore,97934,DI,Lancaster
David Bell,97989,WR,Free Agent
Elijah Higgins,98027,TE,Free Agent
Derick Hall,98130,ED,Akureyri
Wanya Morris,98247,T,Raleigh
Derek Stingley Jr.,98253,CB,Anchorage
Ikem Ekwonu,98286,T,Lancaster
Colby Wooden,98312,DI,Free Agent
Alex Wright,98318,ED,Berlin
George Karlaftis,98319,ED,Rome
Siaki Ika,98328,DI,Berlin
Tyler Smith,98385,G,Svalbard
Charles Cross,98401,T,Cuba
Kayvon Thibodeaux,98444,ED,Cancun
Darnell Wright,98480,T,Cuba
Luke Musgrave,98499,TE,Rome
Zach Harrison,98503,ED,Berlin
Olusegun Oluwatimi,98581,C,Svalbard
Rhamondre Stevenson,98689,HB,Cancun
Jaylen Warren,98692,HB,Las Vegas
Kaiir Elam,98693,CB,Akureyri
Leroy Watson,98723,T,Free Agent
Mohamoud Diabate,98780,LB,Cancun
Jay Ward,98833,S,Free Agent
Cor'Dale Flott,98834,CB,Cwmfelinfach
Jammie Robinson,98836,S,Free Agent
Cam Smith,98837,CB,Cwmfelinfach
Jordan Battle,98857,S,Akureyri
DeMarcco Hellams,98863,S,Hungary
Lewis Cine,98879,S,Ivory Coast
AJ Finley,98887,S,Free Agent
Brandin Echols,98900,CB,Free Agent
Zacch Pickens,98911,DI,Lancaster
DeMarvin Leal,98919,DI,Free Agent
Byron Young,98923,DI,Cwmfelinfach
Travon Walker,98940,ED,Greenland
Isaiah McGuire,98948,ED,Cuba
Henry To'oTo'o,98982,LB,Cuba
Christian Harris,98996,LB,Cwmfelinfach
Owen Pappoe,99006,LB,Anchorage
Nolan Smith,99014,ED,Raleigh
Jermaine Johnson,99015,ED,Raleigh
Nakobe Dean,99018,LB,Quebec
Evan Neal,99063,T,Lancaster
Ricky Stromberg,99066,G,Cancun
Warren McClendon Jr.,99081,T,Raleigh
Nick Broeker,99084,G,Free Agent
Anthony Bradford,99103,G,Hungary
Sam Williams,99106,ED,Akureyri
Kevin Harris,99141,HB,Free Agent
Eric Gray,99143,HB,Hungary
Isaiah Spiller,99146,HB,Free Agent
Tyrion Davis-Price,99169,HB,Free Agent
Treylon Burks,99218,WR,Las Vegas
George Pickens,99229,WR,Akureyri
Trey Palmer,99248,WR,Quebec
Tre Tomlinson,99256,CB,Free Agent
Dee Winters,99376,LB,Free Agent
Roschon Johnson,99467,HB,Anchorage
Matthew Bergeron,99658,G,Raleigh
Asim Richards,99674,T,Free Agent
Zion Johnson,99681,G,Cancun
Davis Allen,99697,TE,Svalbard
Dontayvion Wicks,99711,WR,Cancun
Garrett Williams,99723,CB,Akureyri
Brandon Hill,99742,S,Free Agent
Andrew Booth Jr.,99744,CB,Cwmfelinfach
SirVocea Dennis,99767,LB,Cancun
Amare Barno,99780,ED,Ivory Coast
Calijah Kancey,99822,DI,Hungary
Kyu Blu Kelly,100375,CB,Lancaster
Nahshon Wright,100412,CB,Free Agent
Puka Nacua,100632,WR,Cuba
Robert Jones,100786,G,Free Agent
Sauce Gardner,100903,CB,Anchorage
Ja'Quan McMillian,100931,CB,Rome
Tre Tucker,101106,WR,Anchorage
JL Skinner,101311,S,Berlin
Jerrick Reed II,101322,S,Free Agent
Joey Porter Jr.,101364,CB,Greenland
DJ Turner II,101376,CB,Berlin
Deonte Banks,101384,CB,Berlin
Devon Witherspoon,101388,CB,Berlin
Dane Belton,101398,S,Cwmfelinfach
Christopher Hinton,101418,DI,Free Agent
Mazi Smith,101419,DI,Berlin
David Ojabo,101420,ED,Akureyri
Mike Morris,101421,DI,Free Agent
Zach VanValkenburg,101450,ED,Free Agent
Leo Chenal,101463,LB,Las Vegas
Jack Campbell,101515,LB,Greenland
Keeanu Benton,101536,DI,Svalbard
Dawand Jones,101550,T,Akureyri
Joe Tippmann,101568,C,Akureyri
Tyler Goodson,101659,HB,Free Agent
Jaquan Brisker,101665,S,Quebec
Sam LaPorta,101690,TE,Svalbard
Brenton Strange,101694,TE,Ivory Coast
Jameson Williams,101701,WR,Cwmfelinfach
Wan'Dale Robinson,101735,WR,New Orleans
Isaiah Land,102108,ED,Free Agent
Kyle Hamilton,102684,S,Rome
Isaiah Foskey,102728,ED,Cancun
Andre Carter II,102780,ED,Rome
O'Cyrus Torrence,102821,G,Rome
Blake Freeland,102844,T,Hungary
Mekhi Garner,102900,S,Free Agent
Tucker Kraft,104034,TE,Lancaster
Xavier Gipson,104136,WR,Free Agent
Demario Douglas,104155,WR,Berlin
Kei'Trel Clark,104163,CB,Hungary
Carter O'Donnell,105607,G,Free Agent
Andrew Farmer,106311,ED,Free Agent
Rodney Thomas II,108389,S,Hungary
J.D. DiRenzo,108791,G,Free Agent
Michael Hoecht,108840,ED,Free Agent
Dieter Eiselen,109304,C,Free Agent
Adam Trautman,109795,TE,Free Agent
Andrei Iosivas,109811,WR,Cancun
Dee Alford,110542,CB,Quebec
Jalen Brooks,111284,WR,Free Agent
D'Anthony Bell,111578,S,Free Agent
Quinn Meinerz,112915,G,Quebec
Mason Kinsey,115664,WR,Free Agent
Darrell Luter Jr.,121428,CB,Free Agent
Jason Brownlee,121451,WR,Free Agent
Bryan Bresee,122142,DI,Greenland
Myles Murphy,122154,ED,Cwmfelinfach
Trenton Simpson,122157,LB,Rome
Jahmyr Gibbs,122474,HB,Lancaster
Xavier Hutchinson,122518,WR,Free Agent
Felix Anudike-Uzomah,122582,ED,Lancaster
Deuce Vaughn,122624,HB,Anchorage
Yaya Diaby,122705,ED,New Orleans
Josh Downs,122832,WR,Las Vegas
Michael Mayer,122906,TE,Cancun
Anton Harrison,122929,T,Akureyri
Marvin Mims Jr.,122937,WR,Cuba
Perrion Winfrey,122952,DI,Cwmfelinfach
Israel Abanikanda,122999,HB,Cancun
Jordan Addison,123000,WR,Ivory Coast
Sean Tucker,123056,HB,Free Agent
Zach Evans,123072,HB,Quebec
Quentin Johnston,123085,WR,Raleigh
Kendre Miller,123091,HB,Anchorage
Bijan Robinson,123126,HB,Cwmfelinfach
Tyler Scott,123578,WR,Akureyri
Keaton Mitchell,123826,HB,Raleigh
Will Anderson Jr.,123903,ED,Hungary
Brian Branch,123907,CB,Svalbard
Drew Sanders,123933,LB,Greenland
Bryce Young,123943,QB,Raleigh
Tank Bigsby,123974,HB,Cwmfelinfach
Jalen Carter,124019,DI,Raleigh
Broderick Jones,124025,T,Cancun
Kelee Ringo,124035,CB,Cuba
Darnell Washington,124044,TE,Berlin
Kayshon Boutte,124087,WR,Free Agent
BJ Ojulari,124105,ED,Akureyri
Eli Ricks,124109,CB,Cancun
Jaquelin Roy,124111,DI,Ivory Coast
Deane Leonard,124140,CB,Free Agent
Tavius Robinson,124147,ED,Free Agent
Emmanuel Forbes,124166,CB,Greenland
Malik Heath,124173,WR,Free Agent
Tyrus Wheat,124191,ED,Free Agent
Jalin Hyatt,124282,WR,Ivory Coast
De'Von Achane,124305,HB,Berlin
Antonio Johnson,124326,CB,Cwmfelinfach
Jaylon Jones,124328,CB,Akureyri
Gervon Dexter Sr.,124374,DI,Greenland
Anthony Richardson,124393,QB,Akureyri
Segun Olubi,128312,LB,Free Agent
Lukas Van Ness,129482,ED,Cuba
Jakorian Bennett,129496,CB,New Orleans
Rakim Jarrett,129519,WR,Free Agent
Peter Skoronski,129737,G,Cwmfelinfach
Paris Johnson Jr.,129749,T,Cwmfelinfach
Jaxon Smith-Njigba,129758,WR,Anchorage
C.J. Stroud,129759,QB,Berlin
Luke Wypler,129764,G,Rome
Ji'Ayir Brown,129767,S,Lancaster
Parker Washington,129799,WR,Lancaster
Nick Herbig,129920,ED,Raleigh
Rachaad White,131633,HB,Hungary
Christian Gonzalez,131679,CB,Anchorage
T.J. Bass,131703,G,Free Agent
Noah Sewell,131722,LB,Cancun
Tuli Tuipulotu,131840,ED,New Orleans
Clark Phillips III,131871,CB,Akureyri
Jaylen Watson,131960,CB,Cancun
Sam Webb,134606,CB,Free Agent
Kion Smith,136103,T,Free Agent
Jaleel McLaughlin,138346,HB,Quebec
Andrew Ogletree,138351,TE,Free Agent
Mike Strachan,143358,WR,Free Agent
Chandler Zavala,144009,G,Lancaster
Tre Hawkins III,145387,CB,Free Agent
Thomas Incoom,145694,ED,Free Agent
Byron Young,146932,ED,Free Agent
TK McLendon Jr.,150239,DI,Free Agent
Joshua Pryor,153400,ED,Free Agent
Emanuel Wilson,154173,HB,Free Agent
Sam Roberts,156069,DI,Free Agent
Kader Kohou,156070,CB,Cuba
Andrew Rupcich,156082,G,Free Agent
Joshua Williams,156083,CB,Cuba
Gregory Junior,156090,CB,Free Agent
Dallis Flowers,156091,CB,Free Agent
Jeremiah Pharms Jr.,156117,DI,Free Agent
Tyson Bagent,169628,QB,Cancun
Caleb Murphy,169634,ED,Free Agent
Nick Whiteside,169772,CB,Free Agent
Anthony Kendall,169860,S,Free Agent
